id,scenario order,video order
1,1 2 5 3 4,1 2 5 3 4
2,5 4 1 3 2,5 4 1 3 2
3,3 4 2 5 1,3 4 2 5 1
4,2 1 3 5 4,2 1 3 5 4
5,5 1 4 2 3,5 1 4 2 3
6,4 3 5 2 1,4 3 5 2 1
7,2 3 1 4 5,2 3 1 4 5
8,1 5 2 4 3,1 5 2 4 3
9,2 1 3 5 4,2 1 3 5 4
10,3 2 4 1 5,3 2 4 1 5
11,1 2 5 3 4,1 2 5 3 4
12,5 4 1 3 2,5 4 1 3 2
13,3 4 2 5 1,3 4 2 5 1
14,2 1 3 5 4,2 1 3 5 4
15,5 1 4 2 3,5 1 4 2 3
16,4 3 5 2 1,4 3 5 2 1
17,2 3 1 4 5,2 3 1 4 5
18,1 5 2 4 3,1 5 2 4 3
19,2 1 3 5 4,2 1 3 5 4
20,3 2 4 1 5,3 2 4 1 5
21,1 2 5 3 4,1 2 5 3 4
22,5 4 1 3 2,5 4 1 3 2
23,3 4 2 5 1,3 4 2 5 1
24,2 1 3 5 4,2 1 3 5 4
25,5 1 4 2 3,5 1 4 2 3
26,4 3 5 2 1,4 3 5 2 1
27,2 3 1 4 5,2 3 1 4 5
28,1 5 2 4 3,1 5 2 4 3
29,2 1 3 5 4,2 1 3 5 4
30,3 2 4 1 5,3 2 4 1 5
31,1 2 5 3 4,1 2 5 3 4
32,5 4 1 3 2,5 4 1 3 2
33,3 4 2 5 1,3 4 2 5 1
34,2 1 3 5 4,2 1 3 5 4
35,5 1 4 2 3,5 1 4 2 3
36,4 3 5 2 1,4 3 5 2 1
37,2 3 1 4 5,2 3 1 4 5
38,1 5 2 4 3,1 5 2 4 3
39,2 1 3 5 4,2 1 3 5 4
40,3 2 4 1 5,3 2 4 1 5
41,1 2 5 3 4,1 2 5 3 4
42,5 4 1 3 2,5 4 1 3 2
43,3 4 2 5 1,3 4 2 5 1
44,2 1 3 5 4,2 1 3 5 4
45,5 1 4 2 3,5 1 4 2 3
46,4 3 5 2 1,4 3 5 2 1
47,2 3 1 4 5,2 3 1 4 5
48,1 5 2 4 3,1 5 2 4 3
49,2 1 3 5 4,2 1 3 5 4
50,3 2 4 1 5,3 2 4 1 5